City_ID,City,Country,Lat,Lng,Max Temp,Humidity,Cloudiness,Wind Speed,Current Description
0,Gornopravdinsk,RU,60.05,69.9,44.29,86,86,5.91,overcast clouds
1,Morro Bay,US,35.3658,-120.8499,68.4,88,38,3.36,scattered clouds
2,Punta Arenas,CL,-53.15,-70.9167,44.71,70,75,37.98,light rain
3,Thompson,CA,55.7435,-97.8558,28.56,86,20,2.3,few clouds
4,Nikolskoye,RU,59.7035,30.7861,48.09,94,100,6.98,overcast clouds
5,Rikitea,PF,-23.1203,-134.9692,71.08,71,23,19.77,light rain
6,Lyngdal,NO,58.1376,7.07,51.89,82,100,10.92,overcast clouds
7,Mayor Pablo Lagerenza,PY,-19.9309,-60.7718,82.15,47,71,4.0,broken clouds
8,Kapaa,US,22.0752,-159.319,80.92,70,0,9.22,clear sky
9,Carnarvon,AU,-24.8667,113.6333,73.38,48,30,14.99,scattered clouds
10,Buraydah,SA,26.326,43.975,66.65,13,1,6.11,clear sky
11,Dikson,RU,73.5069,80.5464,30.36,85,100,10.67,overcast clouds
12,Sahuaripa,MX,29.05,-109.2333,67.93,63,0,4.94,clear sky
13,Georgetown,MY,5.4112,100.3354,82.24,83,40,8.05,scattered clouds
14,Soe,ID,-9.8607,124.284,87.08,42,90,7.99,overcast clouds
15,Pacifica,US,37.6138,-122.4869,65.28,93,20,12.66,fog
16,Merauke,ID,-8.4667,140.3333,82.63,81,100,15.7,overcast clouds
17,Hofn,IS,64.2539,-15.2082,39.74,96,100,21.74,heavy intensity rain
18,Sitka,US,57.0531,-135.33,57.99,94,100,7.2,light rain
19,Hilo,US,19.7297,-155.09,81.28,94,79,1.01,broken clouds
20,Betzdorf,DE,50.7833,7.8833,45.18,90,2,3.44,clear sky
21,Ancud,CL,-41.8697,-73.8203,39.79,86,2,4.0,clear sky
22,Ushuaia,AR,-54.8,-68.3,46.06,61,20,8.05,few clouds
23,Lebu,CL,-37.6167,-73.65,46.49,83,0,18.68,clear sky
24,Nanortalik,GL,60.1432,-45.2371,32.27,58,95,2.8,overcast clouds
25,Isangel,VU,-19.55,169.2667,84.31,74,40,9.22,scattered clouds
26,Qaanaaq,GL,77.484,-69.3632,7.0,73,55,10.96,broken clouds
27,Port Alfred,ZA,-33.5906,26.891,63.18,94,36,3.0,scattered clouds
28,Asau,RO,46.4333,26.4,40.12,82,99,4.18,overcast clouds
29,Qui Nhon,VN,13.7667,109.2333,82.63,79,100,11.41,overcast clouds
30,Ryabovo,RU,59.4,31.1333,48.15,91,100,7.16,overcast clouds
31,Nehe,CN,48.4833,124.8333,43.7,28,51,17.83,broken clouds
32,Prince George,CA,53.9166,-122.753,57.61,81,0,1.99,clear sky
33,Hithadhoo,MV,-0.6,73.0833,80.94,75,15,11.43,few clouds
34,San Javier,ES,37.8063,-0.8374,68.99,79,0,8.05,clear sky
35,Kuzedeyevo,RU,53.3308,87.2019,57.51,43,7,4.45,clear sky
36,Tefe,BR,-3.3542,-64.7114,81.12,60,77,1.9,broken clouds
37,Adamas,GR,36.7333,24.4333,69.53,56,26,10.02,scattered clouds
38,Airai,TL,-8.9266,125.4092,78.57,48,53,4.27,broken clouds
39,Pochutla,MX,15.7432,-96.4661,78.82,89,79,4.0,broken clouds
40,Tasiilaq,GL,65.6145,-37.6368,22.75,83,91,6.38,overcast clouds
41,Danjiangkou,CN,32.5428,111.5086,62.74,26,95,20.69,overcast clouds
42,Popondetta,PG,-8.7537,148.2534,91.67,48,87,8.66,overcast clouds
43,Maloy,NO,61.9353,5.1136,51.53,1,100,23.17,light rain
44,Kodiak,US,57.79,-152.4072,51.31,82,100,9.22,light rain
45,Dunmore Town,BS,25.5,-76.65,82.44,77,84,13.82,broken clouds
46,Geraldton,AU,-28.7667,114.6,68.41,56,93,18.41,overcast clouds
47,Souillac,MU,-20.5167,57.5167,71.98,73,75,10.36,broken clouds
48,Vaini,TO,-21.2,-175.2,77.16,83,75,10.36,broken clouds
49,Apac,UG,1.9756,32.5386,62.82,98,100,2.86,light rain
50,Vila Velha,BR,-20.3297,-40.2925,75.15,88,100,2.3,overcast clouds
51,Tura,IN,25.5198,90.2201,78.82,89,21,3.58,light rain
52,Jamestown,US,42.097,-79.2353,46.71,70,100,10.36,overcast clouds
53,Kaitangata,NZ,-46.2817,169.8464,61.72,53,83,5.14,broken clouds
54,Chunoyar,RU,57.4467,97.3217,45.27,56,100,6.06,overcast clouds
55,Tuktoyaktuk,CA,69.4541,-133.0374,37.4,75,100,10.36,overcast clouds
56,Puerto Ayora,EC,-0.7393,-90.3518,66.54,87,100,5.99,overcast clouds
57,Praya,CV,14.9215,-23.5087,79.34,78,40,12.66,scattered clouds
58,Hermanus,ZA,-34.4187,19.2345,48.79,81,100,6.49,overcast clouds
59,Hobart,AU,-42.8794,147.3294,58.05,55,40,8.05,scattered clouds
60,Dromolaxia,CY,34.8761,33.586,70.99,77,20,6.91,few clouds
61,Faya,SA,18.3851,42.4509,57.31,21,20,4.72,few clouds
62,Cairns,AU,-16.9167,145.7667,96.06,54,1,12.66,clear sky
63,Albany,US,42.6001,-73.9662,41.72,85,3,4.21,clear sky
64,Tiksi,RU,71.6872,128.8694,18.64,86,100,6.51,overcast clouds
65,Khatanga,RU,71.9667,102.5,11.91,93,81,3.36,broken clouds
66,Ngunguru,NZ,-35.6167,174.5,59.76,68,100,13.67,overcast clouds
67,Mataura,NZ,-46.1927,168.8643,65.48,46,100,6.44,overcast clouds
68,Chuy,UY,-33.6971,-53.4616,48.31,75,75,13.09,broken clouds
69,Klaksvik,FO,62.2266,-6.589,50.92,91,100,30.4,moderate rain
70,Itupiranga,BR,-5.1347,-49.3267,77.32,60,14,0.69,few clouds
71,Cape Town,ZA,-33.9258,18.4232,61.88,81,0,27.63,clear sky
72,Urusha,RU,54.05,122.9,39.88,38,20,4.5,few clouds
73,Barrow,US,71.2906,-156.7887,28.42,100,100,5.75,overcast clouds
74,Tuatapere,NZ,-46.1333,167.6833,59.23,59,100,7.49,overcast clouds
75,Cidreira,BR,-30.1811,-50.2056,63.23,80,48,7.72,scattered clouds
76,Ribeira Grande,PT,38.5167,-28.7,71.55,87,31,11.25,scattered clouds
77,Bluff,NZ,-46.6,168.3333,65.8,57,100,12.44,overcast clouds
78,Capaci,IT,38.1711,13.2393,73.0,55,0,8.05,clear sky
79,Flinders,AU,-34.5833,150.8552,59.25,59,82,12.46,broken clouds
80,Yellowknife,CA,62.456,-114.3525,37.92,100,20,5.75,few clouds
81,Zlynka,RU,52.4267,31.7378,43.02,88,83,7.58,broken clouds
82,Talnakh,RU,69.4865,88.3972,24.22,89,89,7.09,overcast clouds
83,Shihezi,CN,44.3,86.0333,63.12,22,77,2.08,broken clouds
84,Russell,US,32.3502,-85.1999,61.83,76,0,0.0,clear sky
85,Busselton,AU,-33.65,115.3333,61.02,78,100,12.28,overcast clouds
86,Kavieng,PG,-2.5744,150.7967,84.7,66,85,14.03,overcast clouds
87,Axim,GH,4.8699,-2.2405,75.25,89,67,5.19,broken clouds
88,Shimoda,JP,34.6667,138.95,68.36,68,100,19.19,overcast clouds
89,Olafsvik,IS,64.8945,-23.7142,40.17,92,99,18.92,light rain
90,Souris,CA,49.6172,-100.2612,46.26,52,9,8.57,clear sky
91,Yerbogachen,RU,61.2767,108.0108,33.53,95,100,13.58,snow
92,Balykshi,KZ,47.0667,51.8667,46.4,66,0,8.95,clear sky
93,Antalaha,MG,-14.9003,50.2788,70.09,86,71,10.31,light rain
94,Provideniya,RU,64.3833,-173.3,31.8,66,61,13.76,broken clouds
95,Diphu,IN,25.8333,93.4333,83.71,74,84,1.23,broken clouds
96,Mar Del Plata,AR,-38.0023,-57.5575,43.09,83,75,13.8,broken clouds
97,Victoria,HK,22.2855,114.1577,88.97,71,4,11.99,clear sky
98,El Roble,CO,9.1019,-75.1951,71.69,90,100,6.04,overcast clouds
99,Chokurdakh,RU,70.6333,147.9167,23.92,90,100,16.78,overcast clouds
100,Aksha,RU,50.2814,113.2867,41.5,38,2,5.32,clear sky
101,Galle,LK,6.0367,80.217,81.28,79,69,11.97,broken clouds
102,Isla Vista,US,34.4133,-119.861,76.35,98,24,1.34,few clouds
103,Sonamura,IN,23.4719,91.2664,86.0,78,92,4.59,overcast clouds
104,Buin,CL,-33.7333,-70.75,58.73,54,0,5.39,clear sky
105,Slavyanka,RU,42.8633,131.3847,57.99,54,100,16.96,light rain
106,Anloga,GH,5.7947,0.8973,77.85,85,49,8.9,scattered clouds
107,Vydrino,RU,51.485,104.8461,43.56,64,53,6.35,broken clouds
108,Ust-Nera,RU,64.5667,143.2,17.74,79,100,7.9,overcast clouds
109,Atuona,PF,-9.8,-139.0333,76.86,74,7,17.29,clear sky
110,Pangai,TO,-19.8,-174.35,77.11,73,75,16.11,broken clouds
111,Wilmington,US,34.2257,-77.9447,64.31,66,46,5.99,scattered clouds
112,Mahon,ES,39.8885,4.2658,63.16,94,20,5.75,few clouds
113,Cabo San Lucas,MX,22.8909,-109.9124,83.61,69,0,10.36,clear sky
114,Castro,BR,-24.7911,-50.0119,52.88,87,0,3.22,clear sky
115,Arraial Do Cabo,BR,-22.9661,-42.0278,69.64,92,100,13.11,light rain
116,Saint-Philippe,RE,-21.3585,55.7679,72.99,69,38,13.42,scattered clouds
117,Qaqortoq,GL,60.7167,-46.0333,27.88,51,95,7.2,overcast clouds
118,Kahului,US,20.8947,-156.47,79.97,88,74,4.0,broken clouds
119,Upernavik,GL,72.7868,-56.1549,20.26,82,100,8.03,overcast clouds
120,Longyearbyen,SJ,78.2186,15.6401,37.24,81,75,11.5,broken clouds
121,Mishkino,RU,55.3389,63.9175,43.36,85,46,11.43,scattered clouds
122,Butaritari,KI,3.0707,172.7902,82.49,74,19,14.97,few clouds
123,Cabedelo,BR,-6.9811,-34.8339,77.67,86,60,12.08,broken clouds
124,Avarua,CK,-21.2078,-159.775,75.25,64,75,13.8,broken clouds
125,Esperance,AU,-33.8667,121.9,67.64,53,72,12.95,broken clouds
126,Saint Peters,US,38.8003,-90.6265,49.69,72,0,4.32,clear sky
127,Itoman,JP,26.1247,127.6694,84.4,68,75,10.36,broken clouds
128,Batagay-Alyta,RU,67.8006,130.4114,23.0,70,100,3.18,overcast clouds
129,Makakilo City,US,21.3469,-158.0858,80.56,69,75,0.0,broken clouds
130,Alyangula,AU,-13.8483,136.4192,86.68,58,99,16.02,overcast clouds
131,Ponta Do Sol,PT,32.6667,-17.1,70.43,70,49,4.21,scattered clouds
132,Fortuna,US,40.5982,-124.1573,55.92,82,25,3.06,scattered clouds
133,Okhotsk,RU,59.3833,143.3,32.04,41,10,11.27,clear sky
134,Jumla,NP,29.2747,82.1838,55.08,95,100,3.49,moderate rain
135,Kushmurun,KZ,52.4503,64.6311,46.44,72,9,14.99,clear sky
136,Boffa,GN,10.1667,-14.0333,73.51,95,100,4.63,light rain
137,Grand-Lahou,CI,5.1367,-5.0242,75.25,92,90,4.27,overcast clouds
138,Codrington,AU,-38.2667,141.9667,54.99,72,93,7.27,overcast clouds
139,Ilulissat,GL,69.2167,-51.1,22.93,89,100,5.53,overcast clouds
140,Poya,NC,-21.35,165.15,82.99,56,15,8.25,few clouds
141,Norman Wells,CA,65.282,-126.8329,44.64,65,40,8.05,scattered clouds
142,Ulladulla,AU,-35.35,150.4667,57.7,53,41,8.79,scattered clouds
143,Dum Duma,IN,27.5667,95.5667,78.48,86,89,1.39,overcast clouds
144,Beloha,MG,-25.1667,45.05,80.62,39,0,7.47,clear sky
145,Agbor,NG,6.2518,6.1934,71.47,98,100,3.65,light rain
146,Bredasdorp,ZA,-34.5322,20.0403,51.94,89,98,2.1,overcast clouds
147,Naze,JP,28.3667,129.4833,79.72,75,89,4.32,overcast clouds
148,Lalibela,ET,12.0333,39.0333,57.16,68,51,5.73,broken clouds
149,Kharp,RU,66.8014,65.8081,38.32,92,100,5.64,overcast clouds
150,Sidi Ali,DZ,36.0998,0.4206,69.13,67,100,5.75,overcast clouds
151,Ikwiriri,TZ,-7.9562,38.9716,71.01,86,19,1.79,few clouds
152,Abbeville,FR,50.1,1.8333,40.96,87,28,6.93,scattered clouds
153,Port Elizabeth,ZA,-33.918,25.5701,61.32,92,0,13.0,clear sky
154,Bengkulu,ID,-3.8004,102.2655,83.79,65,68,4.29,broken clouds
155,Beringovskiy,RU,63.05,179.3167,32.49,43,70,5.73,broken clouds
156,Ornskoldsvik,SE,63.2909,18.7153,40.15,87,53,10.36,broken clouds
157,Mount Gambier,AU,-37.8333,140.7667,55.51,65,88,5.88,overcast clouds
158,Coihaique,CL,-45.5752,-72.0662,44.55,53,40,5.75,scattered clouds
159,Mantua,IT,45.1667,10.7833,65.44,84,98,5.01,overcast clouds
160,Ocana,CO,8.2377,-73.356,63.07,94,100,4.47,overcast clouds
161,Black River,JM,18.0264,-77.8487,78.75,84,87,3.69,overcast clouds
162,Portadown,GB,54.4241,-6.4412,53.42,85,92,15.73,overcast clouds
163,Inirida,CO,3.8653,-67.9239,73.47,97,100,2.95,overcast clouds
164,Tera,NE,14.0078,0.7531,82.71,56,2,7.05,clear sky
165,Dese,ET,11.1333,39.6333,54.5,78,65,0.47,light rain
166,Saint George,US,37.1041,-113.5841,78.94,27,31,1.99,scattered clouds
167,Ascension,US,30.2169,-90.9001,70.09,64,0,7.56,clear sky
168,Manyana,BW,-23.4,21.7167,66.7,31,0,13.87,clear sky
169,Cherskiy,RU,68.75,161.3,22.14,90,100,19.93,overcast clouds
170,Sur,OM,22.5667,59.5289,84.61,49,2,6.02,clear sky
171,Saskylakh,RU,71.9167,114.0833,12.09,97,93,1.41,overcast clouds
172,Shangrao,CN,28.4532,117.9686,62.56,84,100,8.16,overcast clouds
173,Kloulklubed,PW,7.0419,134.2556,88.3,67,11,4.0,few clouds
174,Smolensk,RU,55.0,33.0,48.63,77,100,11.07,overcast clouds
175,Samarai,PG,-10.6167,150.6667,83.77,73,40,11.41,scattered clouds
176,Dudinka,RU,69.4058,86.1778,32.09,99,100,7.36,light snow
177,East London,ZA,-33.0153,27.9116,63.54,88,75,10.36,broken clouds
178,Bethel,US,41.3712,-73.414,44.49,84,0,1.01,clear sky
179,Vao,NC,-22.6667,167.4833,73.15,82,0,22.37,clear sky
180,Savannah Bight,HN,16.45,-85.85,82.47,80,100,15.52,overcast clouds
181,Lavrentiya,RU,65.5833,-171.0,31.12,59,6,9.62,clear sky
182,Paducah,US,37.0834,-88.6001,44.62,81,0,0.0,clear sky
183,Torbay,CA,47.6666,-52.7314,55.58,97,75,8.05,broken clouds
184,Karratha,AU,-20.7377,116.8463,87.37,26,2,9.82,clear sky
185,Dingle,PH,10.9995,122.6711,87.93,64,54,8.55,broken clouds
186,Chapais,CA,49.7834,-74.8492,31.78,94,100,7.85,overcast clouds
187,Nefteyugansk,RU,61.0998,72.6035,44.22,84,100,6.96,overcast clouds
188,Asyut,EG,27.181,31.1837,68.11,66,0,9.35,clear sky
189,Cocal,BR,-28.6167,-49.35,61.3,73,54,3.76,broken clouds
190,Adrar,MR,20.5022,-10.0711,86.23,35,78,11.27,broken clouds
191,Tulun,RU,54.5611,100.5792,42.51,45,92,7.63,overcast clouds
192,Udachnyy,RU,66.4167,112.4,32.45,86,99,4.25,overcast clouds
193,Margate,GB,51.3813,1.3862,56.89,75,97,11.81,overcast clouds
194,San Luis,AR,-33.295,-66.3356,44.62,24,0,6.85,clear sky
195,Natal,BR,-5.795,-35.2094,75.42,83,75,4.61,broken clouds
196,Morlaix,FR,48.5833,-4.0,51.85,87,0,9.22,clear sky
197,La Ronge,CA,55.1001,-105.2842,46.65,71,40,0.0,scattered clouds
198,Alofi,NU,-19.0595,-169.9187,73.29,88,100,18.41,overcast clouds
199,Atasu,KZ,48.6814,71.6433,46.6,64,6,15.03,clear sky
200,Krasnoturansk,RU,54.3186,91.5639,43.83,47,26,8.43,scattered clouds
201,Beyneu,KZ,45.3167,55.2,57.74,50,32,8.16,scattered clouds
202,Sao Filipe,CV,14.8961,-24.4956,77.11,79,26,12.03,scattered clouds
203,Upata,VE,8.0086,-62.3989,75.2,92,100,2.86,overcast clouds
204,Nokaneng,BW,-19.6667,22.2667,64.71,23,0,7.11,clear sky
205,Ratnagiri,IN,16.9833,73.3,80.22,77,89,3.15,overcast clouds
206,Dali,CN,25.7,100.1833,68.36,76,81,3.11,broken clouds
207,Paita,PE,-5.0892,-81.1144,63.21,87,95,10.83,overcast clouds
208,Loubomo,CG,-4.1997,12.6739,71.24,93,96,2.01,light rain
209,Vardo,NO,70.3705,31.1107,37.38,87,98,10.36,overcast clouds
210,Waipawa,NZ,-41.4122,175.5153,56.61,64,44,15.19,scattered clouds
211,Santa Vitoria Do Palmar,BR,-33.5189,-53.3681,48.67,74,73,12.53,broken clouds
212,Sisimiut,GL,66.9395,-53.6735,27.39,78,100,7.78,overcast clouds
213,Heihe,CN,50.2441,127.4902,39.78,28,6,10.54,clear sky
214,Byron Bay,AU,-28.65,153.6167,76.71,73,68,13.62,broken clouds
215,Sinjai,ID,-5.1241,120.253,87.33,64,96,6.46,overcast clouds
216,Hualmay,PE,-11.0964,-77.6139,60.69,86,40,8.88,scattered clouds
217,Ixtapa,MX,20.7,-105.2,74.71,91,3,2.71,clear sky
218,Oktyabrskiy,RU,54.4815,53.471,45.05,84,67,7.78,broken clouds
219,Bathsheba,BB,13.2167,-59.5167,81.21,89,20,14.97,few clouds
220,Severo-Kurilsk,RU,50.6789,156.125,44.82,65,70,15.17,broken clouds
221,Lixourion,GR,38.2019,20.4314,66.63,75,31,3.8,scattered clouds
222,Lompoc,US,34.6391,-120.4579,60.53,90,100,5.75,overcast clouds
223,Maceio,BR,-9.6658,-35.7353,74.64,94,75,2.3,broken clouds
224,Drayton Valley,CA,53.2168,-114.9854,53.22,61,84,2.89,broken clouds
225,Wucheng,CN,29.6008,118.175,60.64,93,100,3.02,overcast clouds
226,Mazyr,BY,52.0495,29.2456,45.93,77,100,7.31,overcast clouds
227,Pevek,RU,69.7008,170.3133,26.83,66,100,27.6,overcast clouds
228,Salinopolis,BR,-0.6136,-47.3561,78.98,85,14,7.92,few clouds
229,Deputatskiy,RU,69.3,139.9,17.28,87,100,12.57,overcast clouds
230,Te Anau,NZ,-45.4167,167.7167,56.5,62,100,9.86,overcast clouds
231,Nome,US,64.5011,-165.4064,32.11,75,15,16.87,few clouds
232,Valdivia,CL,-39.8142,-73.2459,37.49,95,1,2.8,clear sky
233,Vadakku Valliyur,IN,8.3833,77.65,88.48,50,57,1.97,broken clouds
234,Mporokoso,ZM,-9.3727,30.125,61.43,43,0,8.39,clear sky
235,Abu Samrah,SY,35.3029,37.1841,63.61,71,0,6.85,clear sky
236,Ampanihy,MG,-24.7,44.75,81.37,33,0,8.39,clear sky
237,Makokou,GA,0.5738,12.8642,67.23,99,100,2.77,overcast clouds
238,Kasungu,MW,-13.0333,33.4833,63.14,50,0,4.5,clear sky
239,Honningsvag,NO,70.9821,25.9704,44.35,70,75,11.5,broken clouds
240,Itarema,BR,-2.9248,-39.9167,78.35,83,13,15.21,few clouds
241,Kalmunai,LK,7.4167,81.8167,83.95,65,83,2.28,broken clouds
242,Amahai,ID,-3.3333,128.9167,85.51,71,72,4.27,moderate rain
243,Katobu,ID,-4.9408,122.5276,89.37,56,96,7.74,overcast clouds
244,Foumban,CM,5.7291,10.9001,62.55,98,100,2.66,moderate rain
245,Ilebo,CD,-4.3167,20.5833,68.09,97,89,0.74,overcast clouds
246,Santo Augusto,BR,-27.8508,-53.7772,58.71,81,18,5.37,light rain
247,Thinadhoo,MV,0.5333,72.9333,81.27,77,60,11.7,broken clouds
248,Marshfield,US,44.6689,-90.1718,45.28,35,100,8.37,overcast clouds
249,Ketchikan,US,55.3422,-131.6461,49.98,92,98,2.98,overcast clouds
250,Prado,BR,-17.3411,-39.2208,73.89,88,62,9.75,broken clouds
251,Ajaccio,FR,42.0,8.9167,59.05,88,75,5.75,broken clouds
252,Kupang,ID,-10.1667,123.5833,90.18,56,73,6.64,broken clouds
253,Sao Joao Da Barra,BR,-21.6403,-41.0511,72.34,90,100,2.89,overcast clouds
254,Manacapuru,BR,-3.2997,-60.6206,82.38,48,74,4.65,broken clouds
255,Iquitos,PE,-3.7481,-73.2472,75.24,94,75,1.14,broken clouds
256,Salalah,OM,17.0151,54.0924,76.8,69,16,1.59,few clouds
257,Cape Canaveral,US,28.4058,-80.6048,78.98,78,0,10.02,clear sky
258,Scottsbluff,US,41.8666,-103.6672,51.3,63,0,1.99,clear sky
259,Port Hardy,CA,50.6996,-127.4199,53.78,100,100,3.44,mist
260,Saint Albans,GB,51.75,-0.3333,47.1,94,87,4.61,overcast clouds
261,Mugur-Aksy,RU,50.35,90.5,39.85,35,32,6.93,scattered clouds
262,Guhagar,IN,17.4842,73.1929,79.92,78,82,3.65,broken clouds
263,George,ZA,-33.963,22.4617,58.55,100,75,6.91,broken clouds
264,Nerchinskiy Zavod,RU,51.3088,119.61,40.5,36,4,2.68,clear sky
265,Srednekolymsk,RU,67.45,153.6833,26.55,56,94,13.82,overcast clouds
266,Santa Rosa,PH,14.3122,121.1114,89.11,59,20,8.7,few clouds
267,College,US,64.8569,-147.8028,48.07,89,100,4.25,overcast clouds
268,Pacific Grove,US,36.6177,-121.9166,59.43,90,77,5.01,broken clouds
269,Shache,CN,38.4167,77.2406,65.05,18,7,3.0,clear sky
270,San Andres,CO,12.5847,-81.7006,81.54,82,100,33.4,overcast clouds
271,Amapa,BR,1.0,-52.0,73.06,91,7,3.51,clear sky
272,Stanari,BA,44.7472,17.8294,50.68,89,99,2.3,overcast clouds
273,Mayo,US,38.8876,-76.5119,51.98,87,0,8.72,clear sky
274,Maldonado,UY,-34.6667,-54.9167,51.22,60,47,19.73,scattered clouds
275,Pontianak,ID,-0.0333,109.3333,84.18,74,40,3.44,scattered clouds
276,Sinnamary,GF,5.3833,-52.95,79.14,89,92,10.65,overcast clouds
277,Tyukhtet,RU,56.5389,89.3011,52.83,47,61,6.6,broken clouds
278,Bafilo,TG,9.35,1.2667,67.46,94,31,0.13,scattered clouds
279,Jardim,BR,-21.4803,-56.1381,68.02,62,0,2.26,clear sky
280,Lagoa,PT,39.05,-27.9833,69.96,92,47,14.76,scattered clouds
281,Lasa,IT,46.6166,10.7002,52.36,97,100,1.16,overcast clouds
282,Yatou,CN,37.15,122.3833,51.73,79,99,14.38,overcast clouds
283,Pisco,PE,-13.7,-76.2167,59.02,84,10,1.28,clear sky
284,Grindavik,IS,63.8424,-22.4338,37.87,93,75,8.05,broken clouds
285,Sola,VU,-13.8833,167.55,81.57,72,34,10.25,scattered clouds
286,Antofagasta,CL,-23.65,-70.4,58.28,82,30,4.43,scattered clouds
287,Yining,CN,29.0361,114.5636,61.23,85,100,5.23,overcast clouds
288,Concarneau,FR,47.875,-3.9225,50.83,79,23,10.63,few clouds
289,Saint Anthony,US,45.0205,-93.218,56.8,46,40,4.61,scattered clouds
290,Bosaso,SO,11.2842,49.1816,84.2,50,6,6.29,clear sky
291,Haines Junction,CA,60.7522,-137.5108,45.37,89,89,6.4,overcast clouds
292,Rapid Valley,US,44.0625,-103.1463,54.52,63,0,8.99,clear sky
293,Mount Isa,AU,-20.7333,139.5,83.97,20,0,12.66,clear sky
294,Lagos,NG,6.5833,3.75,72.9,95,97,2.75,overcast clouds
295,Quincy,US,42.2529,-71.0023,46.99,77,0,1.01,clear sky
296,Tucurui,BR,-3.7661,-49.6725,79.29,60,52,4.97,broken clouds
297,Altay,CN,47.8667,88.1167,53.22,21,76,2.95,broken clouds
298,Hasaki,JP,35.7333,140.8333,76.21,54,99,15.59,overcast clouds
299,Aswan,EG,24.0934,32.907,73.44,40,0,11.99,clear sky
300,Kavaratti,IN,10.5669,72.642,81.05,75,9,6.87,clear sky
301,Luderitz,NA,-26.6481,15.1594,59.4,76,65,3.62,broken clouds
302,Colac,AU,-38.3333,143.5833,55.17,39,16,6.55,few clouds
303,Namibe,AO,-15.1961,12.1522,67.46,90,23,3.91,few clouds
304,Luanda,AO,-8.8368,13.2343,75.2,88,75,6.91,broken clouds
305,Atar,MR,20.5169,-13.0499,85.93,30,100,3.06,overcast clouds
306,Lincoln,US,40.8,-96.667,55.02,62,0,1.99,clear sky
307,New Norfolk,AU,-42.7826,147.0587,57.7,42,86,1.99,overcast clouds
308,Pilar,BR,-9.5972,-35.9567,73.33,91,30,2.44,scattered clouds
309,Moose Factory,CA,51.2585,-80.6094,35.58,100,100,10.36,mist
310,Naryan-Mar,RU,67.6713,53.087,45.91,94,100,16.64,light rain
311,Lorengau,PG,-2.0226,147.2712,84.83,69,100,12.12,overcast clouds
312,Moindou,NC,-21.6924,165.677,82.26,58,28,8.16,scattered clouds
313,Los Llanos De Aridane,ES,28.6585,-17.9182,67.75,81,100,11.5,overcast clouds
314,Djenne,ML,13.9061,-4.5533,80.96,52,96,5.44,overcast clouds
315,Nabire,ID,-3.3667,135.4833,84.78,71,98,3.91,overcast clouds
316,Wunsiedel,DE,50.0333,12.0167,38.44,95,5,2.15,clear sky
317,Grand Gaube,MU,-20.0064,57.6608,73.38,64,39,10.0,scattered clouds
318,Wajid,SO,3.8093,43.2471,72.37,77,71,15.52,broken clouds
319,Liberia,LR,6.5,-9.5,70.86,100,100,1.23,light rain
320,Tanete,ID,-3.9443,119.7848,87.75,60,100,9.4,overcast clouds
321,Ruzhyn,UA,49.7228,29.2046,46.27,74,100,5.73,overcast clouds
322,Iqaluit,CA,63.7506,-68.5145,27.7,79,38,3.0,scattered clouds
323,Mabaruma,GY,8.2,-59.7833,76.12,93,81,3.31,broken clouds
324,Roald,NO,62.5833,6.1333,50.76,81,100,18.41,light intensity drizzle
325,Komsomolskiy,UZ,40.4272,71.7189,63.32,31,0,2.3,clear sky
326,Lingao,CN,19.9103,109.6859,82.27,76,28,16.93,scattered clouds
327,Sanmenxia,CN,34.7747,111.1814,54.72,27,61,23.02,broken clouds
328,Vestmannaeyjar,IS,63.4427,-20.2734,43.2,72,91,5.91,light rain
329,Flin Flon,CA,54.7682,-101.865,42.64,66,4,4.54,clear sky
330,Barabinsk,RU,55.3571,78.357,50.45,66,77,9.82,broken clouds
331,Kieta,PG,-6.2167,155.6333,84.45,58,26,5.41,scattered clouds
332,Westport,US,41.1415,-73.3579,49.17,75,0,4.61,clear sky
333,Kaya,BF,13.0917,-1.0844,77.0,72,16,6.22,few clouds
334,Nouadhibou,MR,20.931,-17.0347,70.02,88,5,15.79,clear sky
335,Paracuru,BR,-3.41,-39.0306,80.11,82,19,14.97,few clouds
336,Ushtobe,KZ,45.2514,77.9838,64.11,19,6,11.23,clear sky
337,Sesimbra,PT,38.4445,-9.1015,64.78,79,0,6.13,clear sky
338,Marzuq,YE,14.4,46.4667,75.6,35,25,1.74,scattered clouds
339,Mpika,ZM,-11.8343,31.4529,59.59,53,0,6.13,clear sky
340,Santiago Del Estero,AR,-27.7951,-64.2615,62.89,12,77,11.27,broken clouds
341,Korem,ET,12.5058,39.5228,55.11,74,24,2.66,light rain
342,Cedro,BR,-6.6067,-39.0622,76.96,65,3,3.29,clear sky
343,Mecca,SA,21.4267,39.8261,82.89,50,35,1.83,scattered clouds
344,Labuhan,ID,-6.8844,112.2051,87.22,63,100,0.69,overcast clouds
345,Castelo Do Piaui,BR,-5.3222,-41.5525,78.58,60,98,2.1,overcast clouds
346,Port Blair,IN,11.6667,92.75,84.24,74,75,4.61,broken clouds
347,Herat,AF,34.5,62.0,58.1,16,0,9.17,clear sky
348,Orlik,RU,52.5178,99.825,38.91,29,39,1.3,scattered clouds
349,Newport,GB,51.5877,-2.9984,48.52,89,14,7.25,few clouds
350,Necochea,AR,-38.5473,-58.7368,43.63,73,53,15.93,broken clouds
351,Harper,LR,4.375,-7.7169,76.1,88,40,5.19,scattered clouds
352,Sechura,PE,-5.5569,-80.8222,63.3,84,94,12.06,overcast clouds
353,Rupert,US,42.6191,-113.6772,56.17,54,0,3.44,clear sky
354,Gizo,SB,-8.103,156.8419,85.62,57,50,8.77,scattered clouds
355,Veraval,IN,20.9,70.3667,84.31,72,77,6.11,broken clouds
356,Saravena,CO,6.9538,-71.8752,71.1,95,100,2.59,overcast clouds
357,Palauig,PH,15.435,119.9045,86.58,62,18,6.15,few clouds
358,Hays,US,30.0502,-98.0336,77.14,45,58,1.01,broken clouds
359,Dongsheng,CN,39.8161,109.9776,34.75,37,5,19.08,clear sky
360,Kaminokawa,JP,36.4333,139.9167,68.68,57,100,5.28,overcast clouds
361,Saurimo,AO,-9.6608,20.3916,61.54,92,0,1.83,clear sky
362,Saint-Pierre,RE,-21.3393,55.4781,76.57,68,75,14.97,broken clouds
363,Garoua,CM,9.3,13.4,70.38,91,86,0.67,overcast clouds
364,Fairbanks,US,64.8378,-147.7164,48.09,89,100,4.25,overcast clouds
365,Abonnema,NG,4.7084,6.7931,74.48,94,99,3.67,overcast clouds
366,Ahipara,NZ,-35.1667,173.1667,61.83,67,95,11.01,overcast clouds
367,Huicungo,PE,-7.2833,-76.8,69.22,88,61,1.32,broken clouds
368,Jamshedpur,IN,22.8,86.1833,84.07,71,3,2.01,clear sky
369,Bayangol,RU,50.6977,103.4656,41.04,29,7,3.42,clear sky
370,Nuevitas,CU,21.5453,-77.2644,80.85,79,5,10.33,clear sky
371,Port-Gentil,GA,-0.7193,8.7815,77.54,85,87,8.23,overcast clouds
372,Weymouth,US,42.2209,-70.9398,46.76,80,0,9.4,clear sky
373,Curup,ID,-3.4667,102.5333,83.19,53,79,3.33,broken clouds
374,Eyl,SO,7.9803,49.8164,80.2,70,14,18.14,few clouds
375,Anahuac,MX,27.2333,-100.15,74.91,58,80,3.18,broken clouds
376,Yulara,AU,-25.2406,130.9889,77.23,18,0,10.27,clear sky
377,Lamesa,US,32.7376,-101.951,58.51,61,100,11.01,overcast clouds
378,Bay Roberts,CA,47.5999,-53.2648,56.34,94,100,5.01,overcast clouds
379,Puerto Del Rosario,ES,28.5004,-13.8627,73.15,83,100,6.91,overcast clouds
380,Laguna,US,38.421,-121.4238,80.08,50,0,3.44,clear sky
381,Bilibino,RU,68.0546,166.4372,18.21,94,100,9.78,light snow
382,Tamiahua,MX,21.2667,-97.45,73.42,87,96,5.75,overcast clouds
383,Dangara,IN,29.6799,75.8931,76.12,78,37,11.34,scattered clouds
384,Macau,MO,22.2006,113.5461,90.86,70,0,10.36,clear sky
385,Ha Giang,VN,22.8333,104.9833,79.72,89,83,2.01,broken clouds
386,Namatanai,PG,-3.6667,152.4333,85.01,59,45,13.96,scattered clouds
387,Berlevag,NO,70.8578,29.0864,41.0,81,75,13.8,broken clouds
388,Perth,AU,-31.9333,115.8333,71.02,51,75,12.66,broken clouds
389,Matay,EG,28.419,30.7792,67.69,68,0,10.0,clear sky
390,Emba,KZ,48.8264,58.1442,47.12,70,0,5.5,clear sky
391,Matadi,CD,-5.8167,13.45,75.11,88,75,1.32,light rain
392,Mahebourg,MU,-20.4081,57.7,73.26,68,40,12.66,scattered clouds
393,Kantabanji,IN,20.4833,82.9167,80.98,76,29,5.57,scattered clouds
394,Qeshm,IR,26.9581,56.2719,75.07,40,0,6.71,clear sky
395,Jacksonville Beach,US,30.2947,-81.3931,74.01,80,18,5.55,few clouds
396,San Policarpo,PH,12.1791,125.5072,85.68,68,21,7.7,few clouds
397,Ramapuram,IN,13.1167,79.2,78.84,77,99,2.24,overcast clouds
398,Sungai Besar,MY,3.6746,100.9867,82.26,72,100,1.54,overcast clouds
399,Nyanza,RW,-2.3519,29.7509,54.61,71,74,3.78,broken clouds
400,Maumere,ID,-8.6199,122.2111,86.85,66,48,0.87,scattered clouds
401,Sagay,PH,10.9447,123.4242,84.76,71,37,9.26,scattered clouds
402,Abha,SA,18.2164,42.5053,57.45,23,0,0.0,clear sky
403,Egvekinot,RU,66.3167,-179.1667,17.28,66,11,5.7,few clouds
404,Sabha,LY,27.0377,14.4283,67.39,50,0,8.7,clear sky
405,Parati,BR,-23.2178,-44.7131,69.22,92,100,2.84,overcast clouds
406,Penzance,GB,50.1186,-5.5371,54.28,79,4,19.98,clear sky
407,Miraflores,MX,19.2167,-98.8083,57.97,86,59,5.66,broken clouds
408,Ambanja,MG,-13.6833,48.45,74.32,49,46,3.2,scattered clouds
409,Vila Franca Do Campo,PT,37.7167,-25.4333,71.2,90,83,5.97,broken clouds
410,Paramonga,PE,-10.6667,-77.8333,60.73,87,59,8.21,broken clouds
411,Port Lincoln,AU,-34.7333,135.8667,59.61,57,80,7.05,broken clouds
412,Colquechaca,BO,-18.6667,-66.0167,36.28,47,0,4.09,clear sky
413,Dunedin,NZ,-45.8742,170.5036,60.53,58,79,4.14,broken clouds
414,Verona,IT,45.4167,11.0333,65.46,89,75,1.14,broken clouds
415,Nagapattinam,IN,10.7667,79.8333,81.95,73,99,9.24,overcast clouds
416,Buala,SB,-8.145,159.5921,85.86,62,34,6.31,scattered clouds
417,Zafra,ES,38.4167,-6.4167,63.88,47,1,1.88,clear sky
418,Katsuura,JP,35.1333,140.3,72.97,59,99,17.05,overcast clouds
419,Nevsehir,TR,38.9167,34.6667,45.61,87,75,0.0,light rain
420,Mogadishu,SO,2.0371,45.3438,77.59,82,36,14.16,scattered clouds
421,Marystown,CA,47.1666,-55.1483,55.63,92,70,13.22,broken clouds
422,Pujehun,SL,7.3581,-11.7208,73.35,97,99,1.43,overcast clouds
423,Bulgan,MN,48.8125,103.5347,40.24,23,5,3.53,clear sky
424,Puerto Escondido,MX,15.85,-97.0667,79.48,77,100,3.87,overcast clouds
425,Urbano Santos,BR,-3.2078,-43.4036,76.46,88,75,4.23,broken clouds
426,Wichian Buri,TH,15.6578,101.106,83.79,78,100,8.48,overcast clouds
427,Ulety,RU,51.3572,112.4849,40.14,41,27,6.04,scattered clouds
428,Nytva,RU,57.9404,55.334,48.09,83,100,9.86,overcast clouds
429,Petropavlovsk-Kamchatskiy,RU,53.0452,158.6483,50.59,35,40,13.42,scattered clouds
430,Sao Felix Do Xingu,BR,-6.6447,-51.995,75.15,68,24,0.65,few clouds
431,Lewisporte,CA,49.2499,-55.0482,54.55,87,100,9.31,overcast clouds
432,Bandarbeyla,SO,9.4942,50.8122,79.16,76,11,13.4,few clouds
433,Salvador,SV,13.8333,-88.9167,75.6,92,100,4.16,overcast clouds
434,Samarkand,UZ,39.6542,66.9597,58.42,31,0,13.8,clear sky
435,Havoysund,NO,70.9963,24.6622,43.03,92,100,28.99,overcast clouds
436,Shelburne,CA,44.0787,-80.2041,45.12,75,65,16.37,broken clouds
437,Kemecse,HU,48.0753,21.8063,52.11,85,95,6.44,overcast clouds
438,Nemuro,JP,43.3236,145.575,55.51,56,2,6.4,clear sky
439,Teya,RU,60.3778,92.6267,43.54,79,80,3.96,broken clouds
440,Ola,RU,59.5833,151.2833,30.34,82,69,1.3,broken clouds
441,Halifax,CA,44.6453,-63.5724,44.46,90,0,6.22,clear sky
442,Huarmey,PE,-10.0681,-78.1522,61.18,88,92,8.25,overcast clouds
443,Georgiyevka,KZ,43.0369,74.7114,53.64,35,0,6.71,clear sky
444,Hit,IQ,33.6416,42.8251,77.5,43,16,11.9,few clouds
445,Kirakira,SB,-10.4544,161.9205,83.08,75,36,8.84,scattered clouds
446,Oriximina,BR,-1.7656,-55.8661,78.55,52,13,3.33,few clouds
447,Salekhard,RU,66.53,66.6019,39.27,86,100,9.04,overcast clouds
448,Rawson,AR,-43.3002,-65.1023,49.41,45,63,2.86,broken clouds
449,Honiara,SB,-9.4333,159.95,83.64,72,83,3.62,broken clouds
450,Avera,US,33.194,-82.5271,64.54,78,0,0.56,clear sky
451,Dutlwe,BW,-23.9833,23.9,61.66,55,0,10.49,clear sky
452,Cieza,ES,38.24,-1.4199,64.9,81,67,2.37,broken clouds
453,Amuntai,ID,-2.4177,115.2494,75.06,97,100,1.57,light rain
454,Ano Poroia,GR,41.2833,23.0333,55.09,59,100,2.77,overcast clouds
455,Mgandu,TZ,-5.95,34.1333,59.68,70,38,9.91,scattered clouds
456,Urumqi,CN,43.801,87.6005,56.35,26,0,8.95,clear sky
457,Tricase,IT,39.9304,18.3553,67.32,67,94,2.46,overcast clouds
458,Lata,PT,40.1629,-8.3327,56.91,72,13,1.12,few clouds
459,Abnub,EG,27.2696,31.1511,68.2,66,0,9.62,clear sky
460,Nelson Bay,AU,-32.7167,152.15,61.09,78,100,13.0,overcast clouds
461,Maragogi,BR,-9.0122,-35.2225,75.29,88,64,8.77,broken clouds
462,Zhezkazgan,KZ,47.8043,67.7144,44.58,65,0,6.71,clear sky
463,Fuerte Olimpo,PY,-21.0415,-57.8738,74.39,50,54,4.45,broken clouds
464,Henties Bay,NA,-22.116,14.2845,57.6,95,97,0.27,overcast clouds
465,Lappeenranta,FI,61.0587,28.1887,42.85,93,100,8.05,overcast clouds
466,Auki,SB,-8.7676,160.7034,84.52,67,65,4.18,broken clouds
467,Raudeberg,NO,61.9875,5.1352,50.67,1,100,24.0,overcast clouds
468,Coquimbo,CL,-29.9533,-71.3436,55.85,79,39,4.14,scattered clouds
469,Tilichiki,RU,60.4667,166.1,37.9,56,31,8.93,scattered clouds
470,Naron,ES,43.5167,-8.1528,61.66,82,51,5.32,broken clouds
471,Urdoma,RU,61.7533,48.5442,47.53,86,100,10.27,overcast clouds
472,Faanui,PF,-16.4833,-151.75,78.78,76,8,17.29,light rain
473,Shanhetun,CN,44.7,127.2,55.99,58,100,3.22,moderate rain
474,Manado,ID,1.487,124.8455,88.57,70,40,6.91,scattered clouds
475,Gogrial,SS,8.5332,28.1004,70.77,97,100,2.73,overcast clouds
476,Coffs Harbour,AU,-30.3,153.1333,65.14,72,100,25.32,overcast clouds
477,Jalu,LY,29.0331,21.5482,64.81,59,51,6.04,broken clouds
478,Sfantu Gheorghe,RO,45.8667,25.7833,52.27,90,87,0.98,overcast clouds
479,Cayenne,GF,4.9333,-52.3333,75.24,94,0,0.0,clear sky
480,Anadyr,RU,64.75,177.4833,30.0,63,57,15.5,broken clouds
481,Stephenville,US,32.2207,-98.2023,66.74,58,0,5.75,clear sky
482,Alice Springs,AU,-23.7,133.8833,74.75,15,0,13.8,clear sky
483,Alekseyevsk,RU,57.8406,108.3492,39.25,57,100,10.8,overcast clouds
484,Bermeo,ES,43.4209,-2.7215,58.82,84,0,7.56,clear sky
485,Xai-Xai,MZ,-25.0519,33.6442,68.65,89,0,4.36,clear sky
486,Villa Del Rosario,CO,7.8339,-72.4742,77.38,78,40,2.3,scattered clouds
487,Benghazi,LY,32.1167,20.0667,71.62,56,0,4.92,clear sky
488,Pangoa,PE,-12.1167,-73.0,69.1,95,97,3.06,overcast clouds
489,Westlock,CA,54.1502,-113.8688,58.1,54,99,5.39,overcast clouds
490,Tsabong,BW,-26.0217,22.401,67.21,34,2,8.88,clear sky
491,Lethem,GY,3.3803,-59.7968,80.44,57,77,5.91,light rain
492,Southampton,GB,50.904,-1.4043,57.34,100,95,7.58,overcast clouds
493,Leningradskiy,RU,69.3833,178.4167,20.7,67,27,17.07,scattered clouds
494,Arawa,PG,-6.2132,155.5367,86.22,54,28,5.57,scattered clouds
495,Vostok,RU,46.4856,135.8833,52.34,36,100,6.87,light rain
496,Port-Cartier,CA,50.0334,-66.8654,38.75,66,100,8.23,overcast clouds
497,Broome,US,42.2506,-75.833,41.67,86,20,6.91,few clouds
498,Kununurra,AU,-15.7667,128.7333,98.58,36,64,11.5,broken clouds
499,Gemena,CD,3.25,19.7667,68.13,98,81,1.57,light rain
500,Calvia,ES,39.5657,2.5062,63.41,86,2,6.31,clear sky
501,Meulaboh,ID,4.1363,96.1285,81.48,71,100,1.41,overcast clouds
502,Srivardhan,IN,18.0333,73.0167,79.47,81,98,4.23,overcast clouds
503,Magadan,RU,59.5667,150.8,30.69,86,89,3.0,overcast clouds
504,Progreso,MX,21.2833,-89.6667,81.1,77,94,13.51,overcast clouds
505,Evanston,US,42.0411,-87.6901,50.11,53,20,9.22,few clouds
506,Palermo,IT,37.8167,13.5833,65.93,86,65,4.27,broken clouds
507,Saraland,US,30.8207,-88.0706,69.82,56,0,6.87,clear sky
508,Rio Gallegos,AR,-51.6226,-69.2181,45.45,50,64,20.65,broken clouds
509,Ponta Delgada,PT,37.7333,-25.6667,70.52,88,75,6.91,broken clouds
510,Palmer,US,42.1584,-72.3287,43.21,83,0,3.44,clear sky
511,Ahuimanu,US,21.4447,-157.8378,82.11,74,75,6.91,broken clouds
512,Cananeia,BR,-25.0147,-47.9267,64.09,94,10,3.44,clear sky
513,Juneau,US,58.3019,-134.4197,55.22,97,100,20.71,light rain
514,Kathmandu,NP,27.7167,85.3167,75.42,73,20,0.0,few clouds
515,Langxiang,CN,46.95,128.8833,35.24,99,100,3.02,light snow
516,Porto Novo,BJ,6.4965,2.6036,73.53,95,97,2.21,overcast clouds
517,Kismayo,SO,-0.3582,42.5454,77.31,81,26,13.31,scattered clouds
518,Sibu,MY,2.3,111.8167,75.65,96,100,2.04,overcast clouds
519,Chincha Alta,PE,-13.4099,-76.1323,57.79,81,14,4.7,few clouds
520,Puerto Suarez,BO,-18.95,-57.8,75.7,58,1,2.55,clear sky
521,Road Town,VG,18.4167,-64.6167,80.69,72,48,15.7,scattered clouds
522,Suntar,RU,62.1444,117.6319,34.03,95,100,9.33,light snow
523,Jizan,SA,17.3333,42.6667,85.33,65,96,1.74,overcast clouds
524,Verkhnyaya Inta,RU,65.9811,60.3094,44.38,88,100,18.25,light rain
525,Saint-Georges,GD,12.0564,-61.7485,80.33,81,100,12.66,overcast clouds
526,Denpasar,ID,-8.65,115.2167,85.71,79,40,13.8,scattered clouds
527,Usogorsk,RU,63.4106,48.6872,46.6,87,100,11.59,overcast clouds
528,Piranhas,BR,-16.4269,-51.8222,81.16,43,37,2.8,scattered clouds
529,San Cristobal,VE,7.7669,-72.225,71.78,91,98,1.1,overcast clouds
530,Narsaq,GL,60.9167,-46.05,30.42,59,91,8.14,overcast clouds
531,Kushima,JP,31.4583,131.2333,73.53,80,100,10.83,overcast clouds
532,Taihe,CN,30.8712,105.3845,65.23,45,100,14.43,overcast clouds
533,Bassila,BJ,9.0081,1.6654,69.64,96,92,0.18,overcast clouds
534,Shimonoseki,JP,33.95,130.95,68.29,89,100,11.1,light rain
535,Port Macquarie,AU,-31.4333,152.9167,65.89,67,87,16.64,overcast clouds
536,Khomutovka,RU,51.9207,34.5619,43.36,89,40,6.91,scattered clouds
537,Timbiqui,CO,2.7717,-77.6654,73.85,95,100,4.12,overcast clouds
538,Abu Dhabi,AE,24.4667,54.3667,82.42,46,0,6.91,clear sky
539,Ostrovnoy,RU,68.0531,39.5131,43.07,83,83,16.93,broken clouds
540,Caravelas,BR,-17.7125,-39.2481,73.94,86,39,7.94,scattered clouds
541,Krasnoselkup,RU,65.7,82.4667,39.33,96,100,8.81,light rain
542,Mapiripan,CO,2.8892,-72.1256,71.53,96,99,3.49,overcast clouds
543,Port Pirie,AU,-33.1833,138.0167,63.86,38,43,8.88,scattered clouds
544,Ulaangom,MN,49.9811,92.0667,43.38,29,20,3.58,few clouds
545,Gisborne,NZ,-38.6533,178.0042,63.03,52,42,10.38,scattered clouds
546,Chicama,PE,-7.8447,-79.1469,57.74,85,80,6.06,broken clouds
547,Pecos,US,31.4229,-103.4932,67.3,88,100,10.36,overcast clouds
548,Inhambane,MZ,-23.865,35.3833,71.62,88,4,3.2,clear sky
549,Sorland,NO,67.667,12.6934,44.46,65,100,30.71,overcast clouds
550,Grand-Santi,GF,4.25,-54.3833,74.77,83,82,3.2,broken clouds
551,Villaviciosa,ES,43.4813,-5.4357,64.96,98,1,4.59,clear sky
552,Waitati,NZ,-45.75,170.5667,64.63,48,75,4.21,broken clouds
553,Krasnokamensk,RU,50.0979,118.0369,39.7,35,1,4.76,clear sky
554,Redmond,US,47.674,-122.1215,65.73,76,0,1.99,clear sky
555,Kikwit,CD,-5.041,18.8162,69.24,96,100,1.16,overcast clouds
556,Vanavara,RU,60.34,102.2797,36.91,81,100,8.99,light rain
557,Chihuahua,MX,28.5,-106.0,59.52,79,79,5.37,broken clouds
558,Matagami,CA,49.7502,-77.6328,32.11,100,100,5.75,overcast clouds
559,Bolobo,CD,-2.1667,16.2333,70.14,96,80,2.06,broken clouds
560,Launceston,AU,-41.45,147.1667,62.15,36,40,4.61,scattered clouds
561,Tungor,RU,53.3808,142.9564,39.79,48,71,14.58,broken clouds
562,Lokosovo,RU,61.1333,74.8167,44.82,85,100,5.19,overcast clouds
563,Okha,RU,53.5739,142.9478,39.22,51,76,16.4,broken clouds
564,Rohnert Park,US,38.3396,-122.7011,62.44,86,100,5.75,overcast clouds
565,Krasnoye,UA,49.9145,24.6134,52.99,88,100,8.25,overcast clouds
566,Erenhot,CN,43.6475,111.9767,39.61,38,36,13.71,scattered clouds
567,Wamba,NG,8.9333,8.6,70.92,99,97,2.71,light rain
568,Sandviken,SE,60.6167,16.7667,33.57,89,2,4.36,clear sky
569,Half Moon Bay,US,37.4636,-122.4286,65.59,89,100,10.36,mist
570,Marsabit,KE,2.3284,37.9899,61.09,68,55,18.72,broken clouds
571,Kaduqli,SD,11.0167,29.7167,69.76,88,100,2.04,overcast clouds
572,Rumonge,BI,-3.9736,29.4386,73.36,42,79,3.83,broken clouds
573,Cuyo,PH,10.8525,121.0086,83.97,70,100,9.4,moderate rain
574,Alta Floresta,BR,-9.8756,-56.0861,74.68,66,70,3.42,broken clouds
575,Amga,RU,60.8953,131.9608,31.8,84,100,7.72,light snow
576,Calama,CL,-22.4667,-68.9333,48.2,22,0,4.54,clear sky
577,Yei,SS,4.095,30.6779,65.34,90,100,2.75,overcast clouds
578,Luoyang,CN,34.6836,112.4536,59.4,24,100,22.7,overcast clouds
579,Santa Cruz De Tenerife,ES,28.4682,-16.2546,71.78,89,75,6.91,broken clouds
580,Freeport,US,40.6576,-73.5832,52.02,58,0,3.44,clear sky
581,Brae,GB,60.3964,-1.353,52.03,82,99,22.7,overcast clouds
582,San Pedro,PH,14.35,121.0167,88.36,58,21,7.07,few clouds
583,Tongliao,CN,43.6125,122.2653,36.28,95,100,19.17,light rain
584,Rovaniemi,FI,66.5,25.7167,35.01,93,0,8.05,clear sky
585,Fernley,US,39.608,-119.2518,69.85,18,1,2.59,clear sky
586,Saint-Francois,FR,46.4154,3.9054,38.64,100,100,1.14,fog
587,Tahta,EG,26.7693,31.5021,68.29,66,0,7.92,clear sky
588,Sept-Iles,CA,50.2001,-66.3821,39.06,75,100,5.99,overcast clouds
589,Padang,ID,-0.9492,100.3543,86.05,60,100,4.21,overcast clouds
590,Kronshagen,DE,54.3433,10.0994,46.85,100,20,5.75,few clouds
591,Nyurba,RU,63.2842,118.3319,33.6,97,100,8.59,light snow
592,Hommelvik,NO,63.4108,10.7942,44.56,76,75,3.44,broken clouds
593,Quetigny,FR,47.3167,5.1167,49.53,81,0,9.22,clear sky
594,Jinchang,CN,38.4953,102.1739,44.28,24,0,9.55,clear sky
595,Semirom,IR,31.4167,51.5667,55.26,26,0,2.53,clear sky
596,Tumbes,PE,-3.5667,-80.4414,69.84,78,95,3.11,overcast clouds
597,Guerrero Negro,MX,27.9769,-114.0611,71.17,82,0,12.26,clear sky
598,Oistins,BB,13.0667,-59.5333,82.49,78,40,13.8,scattered clouds
599,Nabinagar,BD,23.8917,90.9733,86.13,70,47,3.74,scattered clouds
600,Kruisfontein,ZA,-34.0033,24.7314,53.89,89,89,6.2,overcast clouds
601,Rafai,CF,4.95,23.9167,67.98,99,100,0.83,light rain
602,Yarensk,RU,62.1675,49.0916,47.44,85,100,9.8,overcast clouds
603,Wageningen,NL,51.9667,5.6667,43.86,92,18,5.12,few clouds
604,Mangai,CD,-4.05,19.5333,67.23,97,97,1.32,overcast clouds
605,Petukhovo,RU,55.0692,67.9019,44.06,86,100,13.89,overcast clouds
606,Taltal,CL,-25.4,-70.4833,58.59,81,14,0.69,few clouds
607,Guarapari,BR,-20.6667,-40.4975,71.17,92,94,3.76,moderate rain
608,Poltavka,RU,54.3663,71.7632,46.56,84,100,9.01,light rain
609,Hudson Bay,CA,52.85,-102.3842,45.88,86,26,5.28,scattered clouds
610,Korla,CN,41.7597,86.1469,64.42,19,50,6.82,scattered clouds
611,Saldanha,ZA,-33.0117,17.9442,59.67,83,77,18.43,broken clouds
612,Vanimo,PG,-2.6741,141.3028,85.24,72,64,9.22,broken clouds
613,Chara,RU,56.9064,118.2631,31.87,54,100,5.12,overcast clouds
614,Moron De La Frontera,ES,37.1208,-5.454,66.87,74,0,2.3,clear sky
615,Jiaojiang,CN,28.6803,121.4428,66.51,79,94,7.67,overcast clouds
616,Iglesias,IT,39.3114,8.535,57.79,70,76,2.93,broken clouds
617,Aquiraz,BR,-3.9014,-38.3911,80.69,84,27,14.65,scattered clouds
618,Trairi,BR,-3.2778,-39.2689,78.42,81,32,13.13,scattered clouds
619,Sakakah,SA,29.9697,40.2064,74.35,38,0,3.98,clear sky
620,Chekhov,RU,55.1431,37.4711,47.08,86,96,10.18,overcast clouds
621,Cimarron Hills,US,38.8586,-104.6989,50.09,74,0,9.22,clear sky
622,Bendigo,AU,-36.7667,144.2833,58.64,45,10,5.01,clear sky
623,Zvishavane,ZW,-20.3267,30.0665,62.89,68,0,1.14,clear sky
624,Ingham,US,42.6,-84.3833,44.46,77,0,0.0,clear sky
625,Micheweni,TZ,-4.9667,39.8333,75.51,74,81,11.07,broken clouds
626,Piterka,RU,50.6803,47.4454,50.67,67,0,5.35,clear sky
627,Luganville,VU,-15.5333,167.1667,81.77,76,60,10.92,broken clouds
628,Conceicao Do Araguaia,BR,-8.2578,-49.2647,79.43,54,6,4.27,clear sky
629,Yanam,IN,16.7333,82.2167,77.54,92,100,8.39,light rain
630,Itaquyry,PY,-24.9333,-55.2167,62.42,89,9,2.42,clear sky
631,Baijiantan,CN,45.6333,85.1833,60.76,14,31,10.6,scattered clouds
632,Cruzilia,BR,-21.8386,-44.8083,63.63,80,97,3.98,overcast clouds
633,Severomuysk,RU,56.1481,113.4267,22.17,76,98,3.67,overcast clouds
634,Loandjili,CG,-4.7561,11.8578,76.73,84,99,4.27,overcast clouds
635,Kapit,MY,2.0167,112.9333,77.31,92,100,2.35,overcast clouds
636,Mehran,IR,33.1222,46.1646,87.22,12,0,6.26,clear sky
637,Cartagena Del Chaira,CO,1.3349,-74.8429,69.04,99,91,1.5,overcast clouds
638,Puerto Ayacucho,VE,5.6639,-67.6236,74.57,93,100,3.87,overcast clouds
639,Hamilton,US,39.1834,-84.5333,45.0,79,0,3.44,mist
640,Buritis,BR,-15.6178,-46.4233,75.04,70,77,4.05,broken clouds
641,Moba,CN,33.2288,105.0179,42.91,43,100,6.11,overcast clouds
642,Kaliyaganj,IN,25.6333,88.3167,85.8,71,16,6.24,few clouds
643,Rio Bananal,BR,-19.265,-40.3333,72.95,92,90,1.1,light rain
644,Keffi,NG,8.8486,7.8736,71.6,97,97,3.67,overcast clouds
645,Arona,ES,28.0996,-16.681,64.98,82,0,8.05,clear sky
646,Newberry,US,34.2746,-81.6187,60.49,75,30,6.67,scattered clouds
647,Quatre Cocos,MU,-20.2078,57.7625,73.09,71,80,15.41,light rain
648,Price,US,39.5994,-110.8107,60.12,47,0,8.05,clear sky
649,Pangnirtung,CA,66.1451,-65.7125,25.03,71,69,3.71,broken clouds
650,Lexington,US,37.9887,-84.4777,41.09,72,0,0.0,clear sky
651,San Matias,BO,-16.3667,-58.4,78.71,61,41,4.97,scattered clouds
652,Donegal,IE,54.65,-8.1167,50.59,83,100,17.69,overcast clouds
653,Bambanglipuro,ID,-7.95,110.2833,80.96,75,100,5.59,overcast clouds
654,Tahoua,NE,14.8888,5.2692,84.0,42,51,5.3,broken clouds
655,Bowen,AU,-20.0167,148.2333,79.81,60,34,12.55,scattered clouds
656,Elko,US,41.0002,-115.5012,63.64,23,86,5.99,overcast clouds
657,Plotnikovo,RU,55.0247,85.9436,59.34,38,26,14.72,scattered clouds
658,Hay River,CA,60.8156,-115.7999,47.88,70,35,4.43,scattered clouds
659,Mushie,CD,-3.0167,16.9,69.89,97,96,3.71,moderate rain
660,Chifeng,CN,42.2683,118.9636,39.47,63,99,21.09,overcast clouds
661,Leshukonskoye,RU,64.8989,45.7622,47.57,87,100,9.48,overcast clouds
662,Constitucion,CL,-35.3333,-72.4167,47.88,60,0,8.34,clear sky
663,Grimshaw,CA,56.1834,-117.6027,51.06,65,4,4.63,clear sky
664,Campos Belos,BR,-13.0367,-46.7717,81.09,42,72,4.92,broken clouds
665,Tual,ID,-5.6667,132.75,83.79,76,84,12.75,broken clouds
666,Povenets,RU,62.8487,34.8262,47.41,73,91,13.27,overcast clouds
667,Kropotkin,RU,45.4375,40.5756,62.04,74,100,15.55,overcast clouds
668,Dargaville,NZ,-35.9333,173.8833,59.94,69,100,8.75,overcast clouds
669,Saint-Augustin,CA,51.226,-58.6502,39.54,89,14,12.5,few clouds
670,San Quintin,MX,30.4833,-115.95,69.35,84,45,10.29,scattered clouds
671,Pampa,US,35.5362,-100.9599,52.75,100,40,6.91,scattered clouds
672,Smolenka,RU,52.1352,113.4974,42.87,31,33,4.47,scattered clouds
673,Imbituba,BR,-28.24,-48.6703,62.4,84,14,8.48,few clouds
674,Marovoay,MG,-16.1,46.6333,73.31,49,0,11.1,clear sky
675,Portland,US,45.5234,-122.6762,75.02,64,20,5.99,few clouds
676,Akdepe,TM,42.0551,59.3788,55.2,49,0,11.77,clear sky
677,Porto Empedocle,IT,37.2934,13.5264,70.34,77,84,2.13,broken clouds
678,Gushikawa,JP,26.3544,127.8686,83.79,58,0,10.36,clear sky
679,Humen,CN,22.819,113.6731,87.62,46,25,8.3,scattered clouds
680,Pumiao,CN,22.75,108.4833,76.03,59,100,12.37,overcast clouds
681,Tiznit,MA,29.5833,-9.5,72.28,55,100,2.98,overcast clouds
682,Pimentel,PE,-6.8367,-79.9342,62.1,87,100,13.49,overcast clouds
683,Aklavik,CA,68.2191,-135.0107,37.81,87,100,11.18,light rain
684,Ourinhos,BR,-22.9789,-49.8706,62.19,69,0,3.65,clear sky
685,Kishi,NG,9.0833,3.85,70.86,95,97,3.38,overcast clouds
686,Svetlaya,RU,46.5389,138.3297,54.37,53,100,13.65,overcast clouds
687,Lewistown,US,40.5992,-77.5714,41.74,93,0,0.0,clear sky
688,Fort Saint James,CA,54.4333,-124.25,52.0,71,38,1.39,scattered clouds
689,Fukue,JP,32.6881,128.8419,65.23,91,100,11.86,light rain
690,Petropavlovka,RU,50.6114,105.3196,41.38,32,22,3.6,few clouds
691,Kathu,TH,7.9178,98.3332,80.42,90,100,5.3,heavy intensity rain
692,Panaba,MX,21.2833,-88.2667,76.42,78,100,8.46,overcast clouds
693,Kralendijk,BQ,12.15,-68.2667,82.38,83,75,11.5,broken clouds
694,Manzhouli,CN,49.6,117.4333,41.07,33,4,6.15,clear sky
695,San Vicente,AR,-26.6167,-54.1333,59.16,86,57,1.41,broken clouds
